[
  {
    "imagem": "/quotes/avatar1.png",
    "depoimento": "A Jornada foi uma das melhores agências de viagens que eu já experimentei. O serviço ao cliente foi excepcional, e toda a equipe foi muito atenciosa e prestativa.",
    "autor": "Lauro Matos"
  },
  {
    "imagem": "/quotes/avatar2.png",
    "depoimento": "Recomendo fortemente a agência de viagens Jornada. Eles oferecem um serviço personalizado e de alta qualidade que excedeu minhas expectativas em minha última viagem.",
    "autor": "Talita Magalhães"
  },
  {
    "imagem": "/quotes/avatar3.png",
    "depoimento": "Minha viagem com a Jornada foi incrível! Recomendo muito a agência para quem busca uma experiência emocionante e personalizada a partir das nossas necessidades.",
    "autor": "Mariana Faustino"
  }
]