{
  "leiloes": [
    {
      "id": 1,
      "nome": "TV",
      "descricao": "TV de LED 50\"",
      "valorInicial": 1000,
      "icone": "tv",
      "cor": "#ffba05"
    },
    {
      "id": 2,
      "nome": "Geladeira",
      "descricao": "Geladeira 200 litros",
      "valorInicial": 500,
      "icone": "cheese",
      "cor": "#6bd1ff"
    },
    {
      "id": 3,
      "nome": "Fogão",
      "descricao": "Fogão 6 bocas",
      "valorInicial": 800,
      "icone": "fire",
      "cor": "#f16165"
    },
    {
      "id": 4,
      "nome": "Microondas",
      "descricao": "Microondas 34 litros",
      "valorInicial": 1200,
      "icone": "cube",
      "cor": "#00c86f"
    },
    {
      "id": 5,
      "nome": "Notebook",
      "descricao": "Notebook Gamer",
      "valorInicial": 5000,
      "icone": "laptop",
      "cor": "#dc6ebe"
    },
    {
      "id": 6,
      "nome": "Tablet",
      "descricao": "Tablet 34GB",
      "valorInicial": 1500,
      "icone": "tablet-alt",
      "cor": "#ff8c2a"
    },
    {
      "id": 7,
      "nome": "Carro",
      "descricao": "Carro Popular Novo",
      "valorInicial": 50000,
      "icone": "car",
      "cor": "#9cd33b"
    }
  ],
  "lances": [
    {
      "valor": 1000,
      "leilaoId": 1,
      "id": 1
    },
    {
      "valor": 1000.01,
      "leilaoId": 1,
      "id": 2
    },
    {
      "valor": 800.01,
      "leilaoId": 3,
      "id": 3
    },
    {
      "valor": 800.02,
      "leilaoId": 3,
      "id": 4
    },
    {
      "valor": 1200,
      "leilaoId": 1,
      "id": 5
    }
  ]
}